2,BOS
3,EOS
4,。
5,我
6,的
7,了
8,你
9,他
10,是
11,一
12,在
13,不
14,？
15,有
16,她
17,這
18,很
19,姆
20,，
21,要
22,人
23,天
24,們
25,個
26,去
27,到
28,这
29,汤
30,上
31,们
32,个
33,什
34,好
35,想
36,那
37,嗎
38,子
39,能
40,么
41,看
42,得
43,做
44,會
45,多
46,下
47,生
48,吗
49,以
50,裡
51,大
52,來
53,可
54,麼
55,会
56,道
57,都
58,来
59,没
60,喜
61,把
62,家
63,知
64,?
65,事
66,就
67,起
68,说
69,本
70,作
71,沒
72,时
73,为
74,常
75,里
76,車
77,為
78,意
79,打
80,年
81,和
82,時
83,地
84,自
85,說
86,吃
87,用
88,成
89,出
90,工
91,日
92,些
93,法
94,孩
95,給
96,學
97,明
98,晚
99,點
100,前
101,今
102,最
103,英
104,開
105,小
106,中
107,信
108,請
109,学
110,回
111,哪
112,候
113,行
114,真
115,所
116,歡
117,房
118,對
119,告
120,它
121,跟
122,给
123,過
124,点
125,被
126,比
127,车
128,每
129,語
130,正
131,昨
132,早
133,何
134,欢
135,書
136,相
137,果
138,过
139,父
140,高
141,必
142,太
143,着
144,快
145,对
146,儿
147,心
148,公
149,您
150,如
151,再
152,手
153,开
154,已
155,住
156,该
157,非
158,美
159,湯
160,球
161,任
162,定
163,丽
164,感
165,該
166,0
167,花
168,十
169,走
170,間
171,o
172,怎
173,名
174,西
175,玛
176,女
177,让
178,望
179,讓
180,經
181,友
182,老
183,面
184,间
185,语
186,話
187,发
188,需
189,完
190,见
191,著
192,问
193,话
194,火
195,次
196,應
197,親
198,只
199,男
200,母
201,力
202,书
203,見
204,己
205,也
206,现
207,期
208,電
209,問
210,物
211,认
212,朋
213,加
214,T
215,还
216,士
217,從
218,三
219,之
220,同
221,！
222,照
223,現
224,音
225,m
226,样
227,受
228,找
229,新
230,外
231,方
232,国
233,理
234,分
235,機
236,少
237,但
238,等
239,水
240,雨
241,放
242,从
243,發
244,始
245,字
246,更
247,解
248,校
249,國
250,游
251,東
252,情
253,希
254,星
255,長
256,吧
257,全
258,像
259,幫
260,觉
261,经
262,認
263,应
264,聽
265,直
266,後
267,狗
268,待
269,电
270,重
271,於
272,無
273,别
274,餐
275,睡
276,喝
277,请
278,午
279,文
280,1
281,服
282,玩
283,钱
284,月
285,路
286,錢
287,于
288,樣
289,通
290,站
291,弟
292,诉
293,件
294,后
295,活
296,爸
297,婚
298,當
299,教
300,將
301,助
302,妹
303,色
304,近
305,然
306,讀
307,題
308,听
309,忙
310,位
311,步
312,衣
313,因
314,泳
315,谁
316,笑
317,買
318,","
319,還
320,穿
321,久
322,帮
323,幾
324,班
325,鐘
326,周
327,氣
328,兒
329,兩
330,白
331,覺
332,趣
333,樂
334,利
335,叔
336,收
337,题
338,旅
339,亲
340,拿
341,死
342,买
343,失
344,气
345,提
346,乎
347,須
348,机
349,接
350,功
351,叫
352,息
353,總
354,言
355,安
356,場
357,而
358,離
359,试
360,怕
361,床
362,无
363,向
364,錯
365,口
366,寫
367,酒
368,桌
369,愛
370,考
371,市
372,五
373,眼
374,訴
375,习
376,保
377,片
378,歌
379,留
380,建
381,六
382,交
383,世
384,空
385,計
386,容
387,山
388,主
389,读
390,表
391,哥
392,週
393,關
394,雪
395,两
396,海
397,帶
398,关
399,包
400,故
401,长
402,足
403,第
404,坐
405,身
406,饭
407,媽
408,麗
409,京
410,警
411,入
412,醫
413,門
414,当
415,習
416,错
417,部
418,別
419,議
420,几
421,易
422,停
423,派
424,合
425,隻
426,洗
427,消
428,难
429,師
430,度
431,思
432,“
433,``
434,除
435,答
436,谢
437,整
438,”
439,份
440,跑
441,元
442,咖
443,借
444,張
445,河
446,爱
447,病
448,影
449,啡
450,亮
451,園
452,清
453,其
454,進
455,写
456,东
457,流
458,使
459,者
460,結
461,唱
462,琴
463,种
464,算
465,兴
466,目
467,程
468,立
469,決
470,由
471,进
472,飯
473,门
474,记
475,努
476,动
477,呢
478,实
479,票
480,妈
481,条
482,許
483,冷
484,巴
485,持
486,難
487,须
488,棒
489,将
490,館
491,离
492,瑪
493,誰
494,忘
495,抱
496,许
497,波
498,决
499,乐
500,假
501,謝
502,姐
503,总
504,二
505,健
506,害
507,2
508,城
509,结
510,食
511,金
512,曾
513,司
514,頭
515,哭
516,往
517,医
518,议
519,輕
520,記
521,切
522,種
523,牛
524,敦
525,论
526,座
527,5
528,休
529,谈
530,彈
531,准
532,店
533,台
534,漂
535,輛
536,视
537,犯
538,洲
539,邊
540,奶
541,康
542,業
543,室
544,才
545,确
546,师
547,杯
548,院
549,興
550,歉
551,兄
552,鞋
553,試
554,界
555,遠
556,遲
557,識
558,條
559,支
560,封
561,富
562,顿
563,裝
564,掉
565,送
566,動
567,蛋
568,尽
569,图
570,求
571,搭
572,黑
573,飛
574,此
575,否
576,首
577,並
578,察
579,視
580,带
581,願
582,典
583,场
584,演
585,聲
586,鋼
587,確
588,平
589,危
590,散
591,礼
592,參
593,網
594,指
595,禮
596,头
597,数
598,偷
599,取
600,付
601,痛
602,達
603,岁
604,窗
605,系
606,a
607,边
608,原
609,半
610,马
611,干
612,管
613,馬
614,單
615,处
616,笔
617,遇
618,便
619,报
620,永
621,识
622,懂
623,麻
624,費
625,箱
626,筆
627,附
628,光
629,抓
630,約
631,命
632,量
633,远
634,根
635,吸
636,特
637,止
638,夫
639,轻
640,变
641,约
642,講
643,8
644,乘
645,够
646,四
647,注
648,慢
649,劃
650,油
651,式
652,蘋
653,惊
654,倒
655,张
656,右
657,累
658,刻
659,至
660,滿
661,誤
662,糕
663,业
664,9
665,變
666,屋
667,風
668,园
669,介
670,隨
671,實
672,幸
673,反
674,圖
675,造
676,獨
677,課
678,差
679,勝
680,啊
681,汽
682,科
683,备
684,拍
685,值
686,计
687,擅
688,承
689,北
690,辦
691,運
692,準
693,歲
694,风
695,先
696,体
697,似
698,员
699,畫
700,免
701,3
702,续
703,代
704,剛
705,茶
706,弄
707,選
708,客
709,落
710,夏
711,料
712,查
713,寄
714,夠
715,修
716,顧
717,八
718,席
719,睛
720,員
721,格
722,网
723,拉
724,存
725,牙
726,堂
727,担
728,福
729,數
730,盡
731,冰
732,奇
733,辆
734,参
735,伤
736,性
737,深
738,菜
739,架
740,讨
741,處
742,論
743,祖
744,船
745,又
746,朵
747,费
748,險
749,象
750,烟
751,夜
752,味
753,跳
754,密
755,改
756,具
757,鱼
758,九
759,冒
760,拒
761,继
762,热
763,e
764,6
765,賽
766,或
767,伦
768,擔
769,品
770,帽
771,黎
772,馆
773,迟
774,德
775,倫
776,困
777,靠
778,七
779,声
780,守
781,爾
782,熱
783,套
784,刚
785,戒
786,汁
787,器
788,制
789,讲
790,克
791,运
792,邀
793,逃
794,共
795,句
796,商
797,单
798,超
799,板
800,底
801,绝
802,談
803,煩
804,7
805,洋
806,報
807,坏
808,微
809,满
810,险
811,缺
812,節
813,林
814,旁
815,戶
816,紅
817,左
818,钟
819,石
820,忍
821,聊
822,楚
823,猫
824,树
825,碰
826,舞
827,价
828,斯
829,敢
830,匙
831,急
832,偶
833,越
834,怪
835,治
836,續
837,號
838,4
839,靜
840,选
841,达
842,訂
843,末
844,髮
845,街
846,划
847,令
848,野
849,案
850,遊
851,樓
852,卡
853,魚
854,聚
855,课
856,湖
857,神
858,秘
859,百
860,較
861,瓶
862,护
863,糟
864,充
865,吉
866,肯
867,纸
868,貌
869,娃
870,政
871,愿
872,虑
873,錶
874,c
875,责
876,體
877,椅
878,價
879,駛
880,按
881,王
882,依
883,宝
884,棟
885,误
886,煙
887,迷
888,恐
889,及
890,束
891,裙
892,画
893,木
894,呼
895,办
896,妻
897,念
898,肉
899,與
900,備
901,苹
902,短
903,呆
904,律
905,斷
906,姊
907,駕
908,词
909,低
910,袋
911,威
912,抽
913,M
914,r
915,罪
916,飞
917,供
918,觀
919,暴
920,转
921,廚
922,排
923,郵
924,千
925,并
926,傷
927,址
928,银
929,唯
930,厌
931,谎
932,樹
933,精
934,退
935,醒
936,惯
937,耐
938,鬼
939,溫
940,愉
941,鬆
942,暖
943,頓
944,迎
945,阿
946,內
947,陽
948,脑
949,橙
950,救
951,尔
952,務
953,示
954,滑
955,万
956,疑
957,布
958,印
959,紀
960,红
961,暗
962,松
963,登
964,钢
965,預
966,澳
967,拜
968,!
969,姑
970,F
971,烦
972,戴
973,集
974,澡
975,甚
976,另
977,复
978,倦
979,紧
980,y
981,祝
982,帳
983,b
984,争
985,繼
986,独
987,適
988,職
989,投
990,煮
991,终
992,毛
993,紙
994,号
995,居
996,类
997,丢
998,震
999,况
1000,节
1001,社
1002,舉
1003,局
1004,翻
1005,k
1006,爬
1007,速
1008,舒
1009,亚
1010,熟
1011,燈
1012,轉
1013,伙
1014,育
1015,负
1016,鸟
1017,C
1018,控
1019,允
1020,讶
1021,巧
1022,博
1023,葡
1024,萄
1025,租
1026,强
1027,耳
1028,誕
1029,破
1030,义
1031,队
1032,顾
1033,鳥
1034,扔
1035,证
1036,貓
1037,且
1038,沙
1039,嬰
1040,絕
1041,致
1042,善
1043,型
1044,隊
1045,聪
1046,史
1047,梦
1048,联
1049,批
1050,醉
1051,浪
1052,贏
1053,私
1054,赶
1055,良
1056,厭
1057,蠢
1058,擊
1059,楼
1060,饿
1061,柳
1062,盒
1063,啤
1064,慣
1065,聖
1066,腳
1067,换
1068,装
1069,镜
1070,冬
1071,化
1072,即
1073,噪
1074,升
1075,区
1076,默
1077,漆
1078,強
1079,李
1080,赢
1081,傻
1082,响
1083,各
1084,曲
1085,景
1086,訪
1087,藥
1088,苦
1089,推
1090,邮
1091,丈
1092,忠
1093,季
1094,背
1095,阅
1096,未
1097,术
1098,遍
1099,倍
1100,義
1101,壞
1102,烧
1103,設
1104,玫
1105,瑰
1106,畢
1107,響
1108,據
1109,怨
1110,静
1111,草
1112,某
1113,憾
1114,与
1115,寧
1116,闭
1117,線
1118,庭
1119,战
1120,遞
1121,羞
1122,款
1123,养
1124,則
1125,簡
1126,铅
1127,纪
1128,燒
1129,驗
1130,驚
1131,际
1132,古
1133,突
1134,产
1135,緊
1136,捕
1137,举
1138,列
1139,撞
1140,諾
1141,群
1142,毫
1143,區
1144,伴
1145,释
1146,萬
1147,遵
1148,预
1149,米
1150,形
1151,旧
1152,访
1153,殺
1154,炸
1155,内
1156,灯
1157,衫
1158,土
1159,阻
1160,段
1161,雷
1162,顯
1163,伞
1164,幅
1165,零
1166,药
1167,播
1168,藏
1169,池
1170,握
1171,展
1172,飲
1173,俱
1174,傘
1175,沉
1176,极
1177,设
1178,角
1179,腿
1180,疯
1181,民
1182,奏
1183,移
1184,售
1185,D
1186,嘴
1187,猜
1188,災
1189,村
1190,评
1191,双
1192,领
1193,勇
1194,刮
1195,搬
1196,鉛
1197,简
1198,避
1199,弹
1200,雜
1201,卖
1202,统
1203,赛
1204,夢
1205,嫁
1206,规
1207,戲
1208,掛
1209,閱
1210,吹
1211,延
1212,鎖
1213,灰
1214,航
1215,哈
1216,責
1217,胃
1218,癌
1219,禁
1220,碼
1221,州
1222,职
1223,益
1224,折
1225,究
1226,观
1227,刀
1228,肩
1229,廣
1230,聞
1231,顆
1232,渴
1233,蓝
1234,丟
1235,蘭
1236,鹽
1237,欠
1238,脸
1239,陌
1240,雙
1241,粗
1242,仅
1243,途
1244,餓
1245,户
1246,钥
1247,项
1248,孤
1249,蓋
1250,仍
1251,連
1252,盯
1253,賣
1254,脚
1255,概
1256,欧
1257,乾
1258,踢
1259,适
1260,兵
1261,碗
1262,智
1263,鏡
1264,纽
1265,墙
1266,寒
1267,慮
1268,廳
1269,粉
1270,胡
1271,引
1272,戰
1273,爭
1274,务
1275,败
1276,狸
1277,姨
1278,增
1279,證
1280,彼
1281,換
1282,乏
1283,輪
1284,羅
1285,況
1286,研
1287,属
1288,趕
1289,濕
1290,春
1291,赞
1292,傲
1293,遺
1294,基
1295,腦
1296,俄
1297,诺
1298,紐
1299,脫
1300,检
1301,拥
1302,籃
1303,紹
1304,釋
1305,終
1306,橋
1307,譯
1308,香
1309,血
1310,敲
1311,圍
1312,激
1313,討
1314,擇
1315,逮
1316,麵
1317,棄
1318,薩
1319,胜
1320,歷
1321,传
1322,互
1323,調
1324,钓
1325,朝
1326,玻
1327,璃
1328,含
1329,咬
1330,扰
1331,宜
1332,牆
1333,初
1334,臂
1335,牌
1336,志
1337,、
1338,替
1339,獲
1340,舊
1341,亞
1342,码
1343,刷
1344,隔
1345,甜
1346,漸
1347,塊
1348,盖
1349,驾
1350,鸡
1351,狐
1352,抵
1353,猴
1354,衬
1355,吵
1356,溜
1357,​
1358,权
1359,减
1360,尝
1361,項
1362,踏
1363,胎
1364,招
1365,訊
1366,屬
1367,辞
1368,遗
1369,露
1370,择
1371,版
1372,際
1373,辛
1374,府
1375,資
1376,验
1377,罗
1378,養
1379,飽
1380,置
1381,烈
1382,调
1383,骑
1384,載
1385,固
1386,章
1387,坚
1388,吓
1389,鑰
1390,顶
1391,历
1392,探
1393,矮
1394,辭
1395,簽
1396,豪
1397,官
1398,騎
1399,：
1400,洞
1401,愚
1402,棵
1403,浴
1404,仔
1405,謊
1406,貝
1407,染
1408,嗜
1409,製
1410,漫
1411,藝
1412,蔬
1413,導
1414,執
1415,阪
1416,童
1417,逐
1418,瑞
1419,詩
1420,筑
1421,雞
1422,众
1423,鈕
1424,裁
1425,攝
1426,堡
1427,h
1428,負
1429,頂
1430,环
1431,锁
1432,稍
1433,術
1434,顏
1435,悲
1436,檢
1437,壓
1438,碎
1439,嚴
1440,毯
1441,禍
1442,称
1443,瓜
1444,鄰
1445,蛇
1446,誠
1447,爆
1448,军
1449,迫
1450,菸
1451,籍
1452,妒
1453,優
1454,块
1455,復
1456,鐵
1457,尊
1458,賺
1459,资
1460,皮
1461,測
1462,唸
1463,尋
1464,窮
1465,态
1466,怀
1467,测
1468,连
1469,胖
1470,龄
1471,伯
1472,悔
1473,授
1474,镇
1475,掃
1476,尼
1477,弃
1478,壽
1479,眾
1480,敗
1481,胞
1482,击
1483,估
1484,敏
1485,申
1486,練
1487,模
1488,嘲
1489,佛
1490,覆
1491,杀
1492,獎
1493,严
1494,綠
1495,悉
1496,境
1497,森
1498,委
1499,贵
1500,槍
1501,显
1502,購
1503,塵
1504,肥
1505,鄉
1506,晨
1507,躺
1508,類
1509,既
1510,苍
1511,悄
1512,釣
1513,i
1514,竟
1515,尺
1516,寸
1517,盛
1518,損
1519,遭
1520,厨
1521,農
1522,寿
1523,產
1524,摔
1525,扫
1526,褲
1527,嫉
1528,棋
1529,炎
1530,搞
1531,秀
1532,齡
1533,欲
1534,護
1535,湿
1536,插
1537,羊
1538,南
1539,搖
1540,閉
1541,I
1542,訝
1543,勤
1544,专
1545,劇
1546,广
1547,t
1548,忽
1549,冊
1550,率
1551,随
1552,環
1553,导
1554,临
1555,係
1556,艺
1557,雲
1558,符
1559,欣
1560,膝
1561,骗
1562,圓
1563,暑
1564,武
1565,撒
1566,惹
1567,障
1568,寓
1569,伸
1570,省
1571,田
1572,温
1573,穷
1574,跌
1575,爺
1576,亡
1577,芝
1578,規
1579,臉
1580,卧
1581,族
1582,降
1583,据
1584,惑
1585,誌
1586,聰
1587,鲜
1588,顺
1589,膀
1590,銀
1591,匹
1592,鎮
1593,袜
1594,營
1595,歐
1596,剪
1597,巨
1598,鼓
1599,臥
1600,藍
1601,愈
1602,滩
1603,耍
1604,谅
1605,鬍
1606,姓
1607,喊
1608,酸
1609,予
1610,侵
1611,围
1612,享
1613,稱
1614,济
1615,朗
1616,怒
1617,懷
1618,壁
1619,績
1620,则
1621,射
1622,普
1623,脏
1624,裹
1625,淋
1626,删
1627,透
1628,营
1629,專
1630,盐
1631,厚
1632,积
1633,雄
1634,恋
1635,废
1636,寻
1637,级
1638,貼
1639,厂
1640,乡
1641,黄
1642,榮
1643,闲
1644,夷
1645,桃
1646,陷
1647,慕
1648,敌
1649,烤
1650,塔
1651,驶
1652,源
1653,宿
1654,泡
1655,財
1656,欺
1657,蒼
1658,标
1659,嘿
1660,彩
1661,擦
1662,魂
1663,症
1664,麦
1665,兰
1666,隱
1667,执
1668,洪
1669,迅
1670,央
1671,般
1672,賞
1673,艘
1674,效
1675,闻
1676,闹
1677,翰
1678,迪
1679,戚
1680,尾
1681,傳
1682,糊
1683,污
1684,脾
1685,压
1686,恨
1687,幽
1688,鈴
1689,桶
1690,滾
1691,译
1692,例
1693,細
1694,脱
1695,厲
1696,違
1697,牢
1698,盤
1699,臨
1700,材
1701,挂
1702,企
1703,夾
1704,擠
1705,額
1706,領
1707,股
1708,欄
1709,较
1710,嘛
1711,箏
1712,订
1713,优
1714,敵
1715,餅
1716,补
1717,毀
1718,瘋
1719,细
1720,戏
1721,辣
1722,盲
1723,隐
1724,杂
1725,級
1726,辨
1727,烹
1728,娶
1729,虚
1730,弱
1731,线
1732,冲
1733,繩
1734,占
1735,枪
1736,莎
1737,柴
1738,泣
1739,A
1740,兔
1741,矩
1742,归
1743,销
1744,塞
1745,邻
1746,披
1747,帝
1748,豆
1749,乳
1750,腰
1751,疼
1752,潮
1753,岛
1754,貴
1755,素
1756,毒
1757,堵
1758,莓
1759,端
1760,恢
1761,飢
1762,伏
1763,襲
1764,栋
1765,磁
1766,奖
1767,肺
1768,兼
1769,涉
1770,疲
1771,泪
1772,摸
1773,摘
1774,恶
1775,帕
1776,骄
1777,购
1778,绿
1779,帘
1780,灘
1781,辜
1782,断
1783,弊
1784,陪
1785,拐
1786,壯
1787,煤
1788,履
1789,签
1790,糖
1791,擾
1792,敬
1793,塑
1794,盘
1795,鬧
1796,婆
1797,騙
1798,O
1799,B
1800,屈
1801,慰
1802,鬱
1803,灵
1804,孕
1805,坦
1806,卻
1807,胆
1808,旗
1809,颜
1810,伟
1811,摇
1812,咱
1813,豐
1814,掌
1815,碟
1816,酬
1817,庫
1818,蘇
1819,液
1820,迹
1821,葬
1822,鲁
1823,圆
1824,塘
1825,青
1826,蛙
1827,哲
1828,懒
1829,軍
1830,硬
1831,組
1832,勸
1833,惧
1834,判
1835,扇
1836,酷
1837,拼
1838,吻
1839,祸
1840,麥
1841,躲
1842,團
1843,眠
1844,贝
1845,患
1846,董
1847,鋪
1848,淹
1849,幻
1850,览
1851,秋
1852,坡
1853,摩
1854,托
1855,態
1856,融
1857,晴
1858,烛
1859,賭
1860,燃
1861,闖
1862,绑
1863,襯
1864,墨
1865,偉
1866,阳
1867,奮
1868,嚇
1869,廠
1870,柵
1871,耻
1872,（
1873,舅
1874,）
1875,梨
1876,莉
1877,摧
1878,爵
1879,货
1880,凉
1881,錄
1882,伍
1883,组
1884,岸
1885,净
1886,账
1887,裕
1888,懲
1889,罰
1890,剩
1891,撫
1892,拆
1893,淨
1894,毕
1895,繫
1896,質
1897,填
1898,诗
1899,云
1900,铁
1901,防
1902,鮮
1903,踪
1904,忆
1905,井
1906,携
1907,「
1908,」
1909,胳
1910,膊
1911,賴
1912,.
1913,萨
1914,淡
1915,财
1916,鼠
1917,聯
1918,惜
1919,泰
1920,怖
1921,磅
1922,恥
1923,序
1924,嗨
1925,距
1926,華
1927,攻
1928,域
1929,奋
1930,赴
1931,勢
1932,統
1933,厅
1934,櫃
1935,維
1936,爷
1937,氏
1938,撕
1939,毁
1940,桥
1941,＂
1942,極
1943,沿
1944,婴
1945,薪
1946,抗
1947,酪
1948,譽
1949,標
1950,蜂
1951,搅
1952,漢
1953,s
1954,挾
1955,僵
1956,衛
1957,繞
1958,疗
1959,憶
1960,卫
1961,咳
1962,爛
1963,裏
1964,横
1965,嚐
1966,针
1967,递
1968,澆
1969,壳
1970,膽
1971,攜
1972,吼
1973,雅
1974,偏
1975,施
1976,幼
1977,劳
1978,配
1979,郊
1980,辯
1981,阱
1982,彎
1983,豫
1984,姻
1985,状
1986,歧
1987,枝
1988,叮
1989,植
1990,逆
1991,凡
1992,炒
1993,K
1994,減
1995,农
1996,評
1997,輸
1998,债
1999,庆
2000,鑽
2001,均
2002,虫
2003,瓦
2004,盗
2005,伊
2006,扣
2007,寂
2008,齿
2009,若
2010,寺
2011,绳
2012,滚
2013,艰
2014,梳
2015,港
2016,墓
2017,閒
2018,混
2019,册
2020,跡
2021,追
2022,缸
2023,埋
2024,淚
2025,拷
2026,繁
2027,贺
2028,练
2029,刪
2030,宣
2031,泥
2032,甘
2033,慎
2034,饥
2035,協
2036,積
2037,瞭
2038,页
2039,抬
2040,佔
2041,詢
2042,陣
2043,垃
2044,圾
2045,挥
2046,逼
2047,趟
2048,疾
2049,赤
2050,索
2051,获
2052,却
2053,洽
2054,蜡
2055,寶
2056,誓
2057,擁
2058,颗
2059,芬
2060,篇
2061,采
2062,略
2063,挑
2064,弓
2065,添
2066,倔
2067,僱
2068,贷
2069,胁
2070,囚
2071,獄
2072,順
2073,瞎
2074,势
2075,儘
2076,輾
2077,狀
2078,喂
2079,魔
2080,辩
2081,畏
2082,撥
2083,搶
2084,劫
2085,莊
2086,拾
2087,挤
2088,監
2089,鲸
2090,皆
2091,飪
2092,詞
2093,啸
2094,惠
2095,斗
2096,捲
2097,稻
2098,华
2099,赏
2100,匆
2101,雖
2102,覽
2103,尘
2104,唐
2105,庙
2106,颱
2107,夥
2108,拘
2109,恭
2110,啜
2111,异
2112,P
2113,蚊
2114,孔
2115,苏
2116,篮
2117,副
2118,诚
2119,尷
2120,尬
2121,络
2122,操
2123,膠
2124,扮
2125,策
2126,宾
2127,穩
2128,番
2129,余
2130,厕
2131,雇
2132,刺
2133,妙
2134,絡
2135,償
2136,簿
2137,罵
2138,蠅
2139,搜
2140,褐
2141,冻
2142,狱
2143,啥
2144,拔
2145,闆
2146,映
2147,笨
2148,複
2149,J
2150,竊
2151,賊
2152,尚
2153,競
2154,築
2155,謀
2156,牧
2157,礎
2158,歸
2159,虽
2160,裤
2161,織
2162,奴
2163,冥
2164,卷
2165,茄
2166,餘
2167,梯
2168,島
2169,圣
2170,憂
2171,趁
2172,溪
2173,纯
2174,浓
2175,荒
2176,昔
2177,团
2178,忌
2179,郎
2180,津
2181,柜
2182,崎
2183,鉤
2184,掩
2185,薯
2186,伐
2187,黃
2188,l
2189,g
2190,肚
2191,淇
2192,喔
2193,赌
2194,吝
2195,啬
2196,奥
2197,榨
2198,绕
2199,嗽
2200,權
2201,剧
2202,贸
2203,库
2204,筋
2205,骨
2206,刑
2207,喻
2208,宅
2209,壮
2210,橘
2211,勁
2212,藉
2213,惡
2214,叉
2215,灾
2216,垒
2217,凳
2218,限
2219,翁
2220,抹
2221,蔥
2222,猶
2223,愧
2224,籬
2225,羨
2226,漉
2227,熊
2228,憐
2229,殘
2230,兜
2231,碌
2232,疫
2233,嘱
2234,辈
2235,丰
2236,慾
2237,蒜
2238,虎
2239,娘
2240,幹
2241,屉
2242,妇
2243,赚
2244,窃
2245,軌
2246,寞
2247,摆
2248,熬
2249,罕
2250,嫌
2251,幢
2252,襪
2253,叶
2254,饮
2255,霸
2256,哄
2257,葛
2258,巾
2259,祈
2260,征
2261,埃
2262,U
2263,促
2264,串
2265,洛
2266,杉
2267,俊
2268,靴
2269,靈
2270,袭
2271,谨
2272,挡
2273,刹
2274,幣
2275,贴
2276,帅
2277,諮
2278,壤
2279,钻
2280,雾
2281,稚
2282,辱
2283,猎
2284,夕
2285,熄
2286,灭
2287,膚
2288,痴
2289,铃
2290,挖
2291,渡
2292,遛
2293,圈
2294,擋
2295,技
2296,仪
2297,鍋
2298,趴
2299,詳
2300,珠
2301,输
2302,奈
2303,熨
2304,锻
2305,炼
2306,勺
2307,睁
2308,竞
2309,牡
2310,蠣
2311,绪
2312,贈
2313,佩
2314,励
2315,屏
2316,厘
2317,箭
2318,稅
2319,盟
2320,韩
2321,兆
2322,傍
2323,葉
2324,頁
2325,諒
2326,绅
2327,誘
2328,尖
2329,銳
2330,笆
2331,俩
2332,慧
2333,召
2334,陆
2335,罷
2336,谷
2337,闪
2338,橫
2339,濱
2340,魁
2341,翼
2342,搁
2343,瞥
2344,柔
2345,恩
2346,挺
2347,泊
2348,亭
2349,攀
2350,耶
2351,丁
2352,虛
2353,構
2354,逗
2355,腸
2356,猪
2357,薦
2358,饱
2359,泉
2360,蹈
2361,踩
2362,疚
2363,審
2364,劲
2365,診
2366,棕
2367,裂
2368,哦
2369,豚
2370,拯
2371,漏
2372,骚
2373,齊
2374,侍
2375,絲
2376,谓
2377,蒸
2378,陸
2379,貨
2380,憤
2381,逻
2382,辑
2383,乱
2384,赖
2385,驳
2386,贫
2387,·
2388,潜
2389,砍
2390,醬
2391,训
2392,侦
2393,挣
2394,鼻
2395,墜
2396,腐
2397,懶
2398,漲
2399,烫
2400,宁
2401,瘦
2402,傢
2403,逛
2404,啼
2405,阶
2406,凌
2407,扭
2408,餵
2409,灣
2410,濃
2411,旦
2412,寢
2413,妥
2414,唬
2415,层
2416,註
2417,哺
2418,晕
2419,汗
2420,祟
2421,膩
2422,夭
2423,砸
2424,羡
2425,滋
2426,渐
2427,薄
2428,億
2429,廢
2430,隸
2431,涂
2432,冠
2433,療
2434,殊
2435,腾
2436,丝
2437,銷
2438,饑
2439,擺
2440,夹
2441,浮
2442,貧
2443,嬸
2444,质
2445,洁
2446,蕃
2447,佳
2448,閃
2449,饰
2450,蟋
2451,蟀
2452,慶
2453,愤
2454,嗝
2455,潛
2456,異
2457,晒
2458,霜
2459,餡
2460,诞
2461,隶
2462,浸
2463,撿
2464,罢
2465,潔
2466,循
2467,饼
2468,枯
2469,鈔
2470,:
2471,賬
2472,魯
2473,椒
2474,獸
2475,編
2476,筱
2477,傾
2478,豬
2479,汇
2480,繪
2481,賀
2482,沸
2483,犬
2484,X
2485,胶
2486,泛
2487,损
2488,丹
2489,蜜
2490,+
2491,贊
2492,仗
2493,榜
2494,昂
2495,暂
2496,苗
2497,創
2498,疤
2499,叠
2500,厄
2501,菲
2502,献
2503,皺
2504,乌
2505,龟
2506,兽
2507,籌
2508,额
2509,监
2510,佈
2511,皂
2512,謂
2513,唇
2514,紋
2515,仙
2516,臟
2517,雕
2518,扑
2519,庄
2520,妆
2521,滨
2522,妨
2523,炉
2524,櫻
2525,喉
2526,嚨
2527,晤
2528,潺
2529,砰
2530,昏
2531,袖
2532,咪
2533,宮
2534,挨
2535,閤
2536,縫
2537,脅
2538,獵
2539,噓
2540,窩
2541,L
2542,n
2543,d
2544,酱
2545,凍
2546,礙
2547,氛
2548,幕
2549,彗
2550,颁
2551,莱
2552,坞
2553,殃
2554,仲
2555,捞
2556,肅
2557,枕
2558,肴
2559,牽
2560,鶴
2561,垫
2562,绊
2563,齐
2564,丛
2565,扛
2566,斥
2567,髦
2568,佬
2569,廷
2570,焰
2571,疏
2572,靶
2573,輩
2574,窄
2575,瞟
2576,遮
2577,蕭
2578,邦
2579,鴨
2580,憑
2581,涨
2582,虐
2583,厉
2584,斤
2585,湘
2586,涼
2587,爽
2588,虹
2589,墊
2590,刊
2591,j
2592,綽
2593,泽
2594,梅
2595,掏
2596,耀
2597,炖
2598,廟
2599,腋
2600,烏
2601,凑
2602,亏
2603,膳
2604,霉
2605,墳
2606,碩
2607,拳
2608,淆
2609,綁
2610,匪
2611,溯
2612,纠
2613,禱
2614,徹
2615,矶
2616,径
2617,恼
2618,迺
2619,稔
2620,铺
2621,羽
2622,獅
2623,珊
2624,瑚
2625,礁
2626,锕
2627,枚
2628,侧
2629,惕
2630,揭
2631,曉
2632,簾
2633,核
2634,坠
2635,恰
2636,溺
2637,濒
2638,蜘
2639,蛛
2640,晉
2641,販
2642,详
2643,触
2644,絆
2645,帆
2646,协
2647,丑
2648,筷
2649,-
2650,审
2651,匈
2652,肤
2653,岳
2654,墟
2655,忧
2656,币
2657,撑
2658,溢
2659,擎
2660,阵
2661,墩
2662,押
2663,鎊
2664,殆
2665,县
2666,奉
2667,臭
2668,磕
2669,諜
2670,柏
2671,扶
2672,瞧
2673,荷
2674,霧
2675,彻
2676,郁
2677,啃
2678,铭
2679,犹
2680,儀
2681,谬
2682,揮
2683,脹
2684,鹿
2685,浦
2686,哨
2687,怜
2688,頻
2689,柄
2690,锅
2691,滴
2692,贯
2693,曆
2694,懼
2695,莫
2696,扎
2697,噢
2698,篱
2699,慷
2700,慨
2701,缝
2702,纫
2703,勵
2704,侖
2705,巔
2706,腕
2707,构
2708,烁
2709,驻
2710,緩
2711,勿
2712,骂
2713,浅
2714,耽
2715,錫
2716,糗
2717,隧
2718,陀
2719,峽
2720,嘯
2721,偿
2722,孙
2723,蔼
2724,捉
2725,笼
2726,坪
2727,惭
2728,z
2729,剎
2730,趾
2731,扬
2732,觸
2733,穌
2734,督
2735,悬
2736,傑
2737,匯
2738,肝
2739,妄
2740,針
2741,摯
2742,騰
2743,呀
2744,绍
2745,醇
2746,窝
2747,遣
2748,巢
2749,嘗
2750,怠
2751,锤
2752,熏
2753,跃
2754,俗
2755,括
2756,昆
2757,锈
2758,缠
2759,鯨
2760,瀑
2761,誼
2762,晃
2763,塗
2764,饶
2765,岡
2766,鄙
2767,伪
2768,啦
2769,帖
2770,违
2771,驯
2772,搆
2773,逊
2774,靦
2775,腆
2776,杜
2777,廉
2778,狡
2779,窟
2780,残
2781,雀
2782,黏
2783,爹
2784,蔭
2785,返
2786,函
2787,喘
2788,陶
2789,亂
2790,役
2791,稀
2792,嚮
2793,缩
2794,陋
2795,挽
2796,佣
2797,屑
2798,岩
2799,奔
2800,巫
2801,凱
2802,创
2803,逝
2804,弗
2805,勒
2806,《
2807,》
2808,罐
2809,飾
2810,蚀
2811,惰
2812,囓
2813,紫
2814,屜
2815,赠
2816,軟
2817,宴
2818,饪
2819,緒
2820,茲
2821,齦
2822,咸
2823,镑
2824,純
2825,夸
2826,蟑
2827,螂
2828,%
2829,踝
2830,寬
2831,澤
2832,呻
2833,吟
2834,榔
2835,钉
2836,颤
2837,駿
2838,壘
2839,萃
2840,宵
2841,锯
2842,抢
2843,褒
2844,贬
2845,茫
2846,淺
2847,唔
2848,躁
2849,貸
2850,焉
2851,恒
2852,倖
2853,匱
2854,S
2855,儉
2856,编
2857,舌
2858,咆
2859,哮
2860,胸
2861,肘
2862,仁
2863,慈
2864,睹
2865,拭
2866,载
2867,嗅
2868,凶
2869,揚
2870,鳳
2871,凰
2872,桑
2873,踮
2874,狂
2875,葱
2876,兇
2877,蕾
2878,緣
2879,仿
2880,肃
2881,阁
2882,婦
2883,丧
2884,讚
2885,叛
2886,舍
2887,卢
2888,廁
2889,骸
2890,勉
2891,卓
2892,蒙
2893,蔽
2894,翔
2895,扯
2896,谦
2897,烘
2898,匠
2899,葵
2900,仰
2901,趨
2902,耗
2903,暱
2904,誉
2905,輯
2906,擴
2907,囑
2908,启
2909,渔
2910,N
2911,縮
2912,鐳
2913,腮
2914,腺
2915,涸
2916,杆
2917,爍
2918,革
2919,籠
2920,濟
2921,燕
2922,碾
2923,畝
2924,泼
2925,锋
2926,灑
2927,萊
2928,塢
2929,骆
2930,驼
2931,漠
2932,妳
2933,杰
2934,轨
2935,兌
2936,拨
2937,储
2938,蓄
2939,氾
2940,濫
2941,賜
2942,w
2943,檯
2944,纳
2945,抄
2946,叢
2947,邪
2948,捡
2949,竭
2950,媛
2951,聾
2952,甩
2953,庞
2954,织
2955,悦
2956,宇
2957,宙
2958,浩
2959,瀚
2960,嗓
2961,闔
2962,录
2963,•
2964,柯
2965,氧
2966,痊
2967,癒
2968,萎
2969,君
2970,酣
2971,戳
2972,酵
2973,盼
2974,御
2975,铐
2976,奧
2977,犢
2978,慫
2979,恿
2980,奢
2981,侈
2982,蹤
2983,税
2984,戀
2985,矣
2986,盆
2987,筒
2988,摑
2989,沮
2990,喪
2991,橡
2992,哩
2993,绵
2994,嗯
2995,鋒
2996,遙
2997,鑑
2998,绩
2999,剑
3000,坂
3001,诡
3002,嘘
3003,溼
3004,庇
3005,痠
3006,慌
3007,拄
3008,杖
3009,誡
3010,弥
3011,潢
3012,霆
3013,蛰
3014,睜
3015,鵝
3016,卵
3017,涌
3018,措
3019,甲
3020,宽
3021,鬥
3022,佑
3023,髒
3024,江
3025,謬
3026,筵
3027,槟
3028,谜
3029,痕
3030,倚
3031,跨
3032,鋸
3033,幌
3034,櫥
3035,輟
3036,採
3037,吞
3038,咽
3039,咀
3040,嚼
3041,喷
3042,剂
3043,仇
3044,桿
3045,诋
3046,謠
3047,紡
3048,艾
3049,瞄
3050,瀏
3051,眉
3052,捏
3053,瓣
3054,鉴
3055,烂
3056,嫩
3057,彌
3058,補
3059,－
3060,盈
3061,眶
3062,鲑
3063,狮
3064,鹰
3065,贡
3066,汉
3067,逢
3068,捐
3069,幚
3070,绷
3071,悅
3072,龍
3073,屆
3074,凝
3075,徵
3076,撤
3077,陈
3078,述
3079,層
3080,垂
3081,颇
3082,囪
3083,猛
3084,析
3085,撼
3086,弦
3087,懦
3088,韋
3089,殖
3090,荐
3091,﹐
3092,蘿
3093,蔔
3094,溝
3095,堅
3096,攪
3097,拌
3098,谣
3099,[
3100,]
3101,沐
3102,咔
3103,哒
3104,搏
3105,賠
3106,芙
3107,伫
3108,涩
3109,苔
3110,偽
3111,蟾
3112,蜍
3113,炭
3114,谐
3115,蚯
3116,蚓
3117,懊
3118,聋
3119,畜
3120,牲
3121,泄
3122,援
3123,舟
3124,韓
3125,拋
3126,錨
3127,蕉
3128,碍
3129,‘
3130,贼
3131,磯
3132,莽
3133,姿
3134,禿
3135,篷
3136,鍾
3137,％
3138,芋
3139,滥
3140,尤
3141,龙
3142,愁
3143,陰
3144,哇
3145,描
3146,瀉
3147,紳
3148,催
3149,倆
3150,靓
3151,谴
3152,蝴
3153,蝶
3154,咎
3155,繳
3156,畔
3157,倡
3158,驕
3159,撇
3160,摄
3161,裸
3162,懸
3163,膏
3164,堕
3165,尸
3166,艱
3167,濺
3168,翹
3169,丘
3170,缉
3171,崩
3172,澄
3173,爐
3174,跤
3175,聘
3176,茅
3177,賄
3178,賂
3179,柱
3180,曼
3181,涯
3182,橄
3183,欖
3184,抨
3185,謙
3186,鷹
3187,鸚
3188,鵡
3189,寵
3190,鳴
3191,缓
3192,黨
3193,釘
0,UNK
1,PAD
